index,target
1619,WIF1
1621,ORC5
1623,STX1B
4249,HIST1H4A
1656,DNAJB1
1657,A2M
1658,GPHN
1659,OR2T29
1660,HIST1H4K
1661,EPHB1
1662,SLIT2
1654,RICTOR
1663,OR5AC2
1665,KCNB1
1666,MED14
1667,CYP51A1
4247,GPD1L
4246,PHGDH
1671,HNMT
4245,MC2R
1674,SPTLC2
1664,SV2A
1653,EEF1A1
1652,ZEB1
1650,PIGC
4260,OR4K1
1626,ABCC2
1627,OR2M4
1629,CLEC7A
1630,OR10Z1
1632,VNN1
1633,DERA
1634,PMVK
4256,CLDN15
4254,MECR
1638,ALG10B
3277,SDHA
1641,ST8SIA5
1642,OR5D13
1643,PRPH
1644,RRAGD
1646,SLCO1A2
1647,ALDH1A2
4252,EXTL1
4284,ASMT
1564,MIR331
4286,SAT1
4287,RAET1L
1476,NARS
1477,OR2AE1
4328,ATF6
1479,F13A1
1480,PNLIPRP2
1481,RPIA
1483,NLRX1
4326,MFNG
1475,OR2AG1
4325,MIR126
1487,NUDT16L1
4323,NTRK3
4320,OR52N4
1493,PSME2
1495,CSN2
4318,OR4C16
4316,PDE7B
1499,CAB39
1486,RDH8
4329,PPT1
4331,OR8D1
1472,DIAPH3
4349,OR13D1
1448,MIR146A
1451,MIR200C
1452,MGAT5B
4345,DCXR
1454,CLDN18
4342,SRSF7
4340,GHSR
1459,OR6C6
1461,TNFRSF12A
1462,RIMKLA
4335,ARG1
4334,S1PR5
1465,ASGR1
4333,EREG
1467,DTX1
1469,SERPINA5
1470,MIR9-3
1471,HIST1H2AB
1502,ARHGEF7
4474,TAS1R1
1503,ADI1
1506,BAG4
1534,SV2C
1535,ST6GALNAC6
4301,TBX21
1543,LRRC4B
1544,GNPDA2
1545,HYI
4298,SERPINB3
1547,OR2A4
4302,ACOT8
4296,NRG1
4295,HIBADH
1551,OR2M5
1552,ISG15
4293,RORB
1554,GAST
1556,OR52L1
1558,SRGAP1
1559,GPSM1
1549,OPLAH
1532,TRIP10
4303,OR10G8
1530,GSTZ1
1507,MIR330
4313,GHRL
1509,F9
1510,ABLIM3
1513,SLC22A1
4312,ENTPD2
1515,MAML2
4309,LIMD1
1519,RAMP1
1520,MIR15A
1521,B3GALT1
4308,FXYD1
1523,WWC1
1524,MIR181A1
4307,P2RX7
4306,IDI2
1527,DHRS4L1
1528,HAT1
1529,TAS2R10
1504,DLL3
4475,TXNDC12
1293,FUT5
1135,LEFTY2
1001,OXT
1129,SH2D1B
1002,HIST1H2BF
4543,AUH
1126,PRKD3
1003,MIR99A
1125,SENP2
1123,PKIA
1004,FRMD1
4624,ALDH18A1
4622,HIST1H2BB
1008,ATP5I
4547,OR2Y1
1000,EGR1
1116,TAS2R30
4552,OR6V1
1112,NUDT5
1111,RRAGC
1110,GTF2IRD1
1109,PPP5D1
1009,POC1B-GALNT4
4553,CD79A
1107,GRM7
4554,SERPINA1
1105,OR5T3
4618,DHRS3
1104,CKMT2
1012,SEMA4F
4549,NR1H3
1130,IDNK
1131,PEMT
4627,QRSL1
4521,SFRP4
1149,APH1B
1148,MTHFD1
982,MYH2
1147,KLC2
4522,SNAP25
4525,MOB1A
1144,OR2T34
4637,SRD5A2
1143,SCRIB
4528,GALNT12
985,CD59
4635,HIST1H3J
987,UROS
4529,ACP6
988,OR52E6
1140,PPM1B
4634,GMPR
992,SKAP1
1139,HAAO
993,SRR
4530,ARHGAP10
995,OR4K17
4601,PGM3
996,PDSS1
997,IL13RA2
4537,OR2Z1
4629,OR9G9
4541,OR2J3
4617,EML4
1015,APRT
4615,NCSTN
1017,ATP6V1G1
1032,MIR101-1
1069,DYNC1I2
4605,TRPM2
4584,LFNG
1067,OR2F2
4586,SIPA1L2
1064,SDHC
4603,C8B
1063,AZI2
1038,OR4D11
1040,MIRLET7E
1062,CLEC4E
4587,MYH3
4602,RHOD
1059,BNIP3
1042,AHCY
1058,AMPD3
4590,NTN1
1056,SEMA3F
1055,ZFYVE16
1054,PSPH
4591,STAG1
4593,KCNJ10
4594,SULT2B1
1043,SYNGAP1
4597,CKMT1A
1049,GUCY2C
1044,OR11A1
1045,KRIT1
1073,ST3GAL3
4518,ELOVL1
1030,MIRLET7D
1028,SUV420H2
1103,SERPIND1
4555,PIGY
4556,CDKN2C
4614,CTSL
1100,IAPP
1020,BCAT2
4564,SFRP2
1094,P2RX6
1092,TAS2R4
1021,ALG1
1090,GALNT11
4570,MIR199A2
4572,ALG12
1024,CRY1
1086,MAP4K4
1085,MCM7
4574,CMAS
1082,HIST1H3C
1081,OR4D10
4577,OR9A4
1079,MIR145
1078,HCAR1
1077,CHRNA3
1217,PTGIS
1076,SEMA7A
1075,GSR
1074,PRSS1
1026,THEM4
1027,HIP1
4609,FAH
4517,KMT2E
4598,HIST2H2BE
955,DOCK4
4652,TKTL1
4659,MAP4K3
1178,RAMP3
1206,RPE65
959,HSD17B3
1177,UAP1L1
4649,MAML1
4486,PNPLA7
961,SESN3
4504,OR1L4
4505,RGL2
4507,HIST1H2BL
947,OR6K6
4491,PPCDC
4648,SERPINB13
1171,MIR520H
963,DMGDH
4647,CSGALNACT1
1170,OR2B2
4646,JAG1
4509,DFFA
4487,MIRLET7B
4502,CHRNB4
1204,OR51A4
949,CDH5
4489,UAP1
1199,ALPL
4494,NCKAP1
4497,MIR29C
1190,PPP1R3C
950,CLDN14
4488,CASK
1189,NMNAT3
1188,PHYKPL
4498,TBPL1
4483,GUK1
4657,GRM4
4656,MIR7-3
1185,MLKL
1201,HYAL2
1182,CPEB3
1181,SFRP5
1202,OR8B2
1203,ALG2
4653,CALB1
957,KDSR
1180,H6PD
953,LTA4H
1168,ZBP1
1172,PPP1R17
968,S1PR2
1213,OR52H1
4660,HDAC9
4642,PORCN
4641,MRI1
967,OR14I1
975,PCYT2
942,GPLD1
1161,ELOVL3
976,MIR137
978,CMPK1
979,SCP2
4640,OR56A1
1214,IGFBP3
4512,GPT2
1215,FRAT1
981,ATP6V0E2
4513,MOGAT1
4514,PIGL
4663,REL
1157,MMP16
4515,DHH
1155,RND1
4478,PNLIPRP1
945,OR2T1
4479,NEU1
4658,NCR3
4481,FOXO6
4482,ACP2
4510,HYAL1
946,OR2G6
1167,PVR
969,MIR29B1
1209,MGAT4B
4511,PLAT
1165,NPPB
970,MYH7B
1162,ROBO1
1163,GALNT7
4160,GRK4
5114,TYRP1
3348,SSTR2
4676,CR2
3369,CHKB
3864,EDN1
4149,PC
3370,TK2
5116,GRM2
4164,GP6
3283,CLTA
5215,GABARAPL1
3279,BLVRB
5118,IL22RA1
3282,IL18R1
3725,CISH
4232,CYP2A13
4236,AP2A1
3352,CRH
4731,HTR5A
5208,IFNK
4734,MTM1
4661,PTGIR
3728,DHFR
4732,CXCR6
5107,IL19
4608,JUP
3799,PDE6G
4310,UXS1
4311,RBPJ
4667,OAS1
4604,BHMT
4157,POLR2H
4158,THPO
5207,CAV3
3803,UGT8
4611,PLD3
4150,CDA
3729,PRIM1
4730,B3GALT5
3368,ID4
3307,UCK2
4166,RAB7A
3778,PGK1
4192,MTFMT
4189,XCL2
3295,LPIN1
4277,G6PD
3757,PLAUR
4194,PSEN2
5163,RPEL1
4645,CAV2
3290,IL9
4708,INPP1
4685,HRH2
4216,CNTFR
3326,IMPA2
3291,TNFRSF13B
4281,CLCF1
4631,FGG
4195,GMDS
5185,CCR1
4266,KIR2DS2
4264,PI4K2A
5179,KIR2DS5
3305,PRKAR1B
4638,FGR
3759,CCL22
3303,TUBA8
4694,INPP4B
5172,MASP2
3761,CXCR5
3297,GPX3
4271,KCNMB2
3777,SUCLG1
4698,SDC1
4165,NAIP
4282,P2RY1
3751,INADL
5197,PLD4
3852,SDC4
3740,POLR2I
3738,STK3
3787,CKS2
3855,UCKL1
4613,CXCL13
3860,CNGA3
4299,GALM
3789,SELE
5202,ACADSB
4726,SMPD2
3863,MOGAT2
3805,ADPRM
5124,IL17A
3843,ARNT2
5133,SETD7
4251,ENTPD8
4684,POLR2B
3750,ITCH
4620,SPDYA
3845,AGXT2
3847,MBOAT1
4221,ADORA3
4265,FLT3
4717,ATP2A1
4222,GPX1
4290,IL11
3746,LPCAT2
3743,IFNW1
5196,LTB
5135,TUBA1A
3335,MAP3K11
3982,CALR
3406,CAD
5093,SLC8A2
3505,ARF6
3628,NME5
3935,NME4
3936,RAPGEF2
4414,CDS1
4033,RAB5B
4824,CD55
3939,AACS
3941,POLR2K
4821,ACOT2
3511,GUCA1A
4030,RCHY1
3513,PNPT1
3517,GUCY2F
4940,LLGL2
3944,BMP8A
4830,ATP6V0A2
4831,CD22
4027,IGSF5
3945,ATP2A3
4947,USP7
3503,FOXO4
4516,TCIRG1
4965,POLR3D
4061,NCAM2
4536,TUBA4A
4799,INPP5B
4534,TXNRD2
3481,HES1
4394,AGPAT6
3641,POLA2
4057,CNTF
4979,SGK2
3484,SERPINB5
3487,TPI1
3928,ALOX15
4977,PAH
4804,MGAM
4976,POLR2A
3640,OPRD1
4812,RASGRP4
3930,POLR2J2
4968,CARD9
4967,CLTC
3500,IL13RA1
3946,KCNMB3
4025,GP1BB
3525,PPBP
3620,IFNLR1
3999,SH2B2
3544,LPL
3547,KLK3
4455,AMHR2
3585,OAS2
4458,MIR10B
4859,TUBB2B
3995,PRIM2
4461,AP2S1
3564,S1PR4
3968,PRKAR1A
3970,DAO
4466,GGT6
4467,ESR2
3569,HTR1F
3974,AGPAT3
3579,AK9
3975,LAP3
3573,CDO1
4874,PER3
4871,DCT
3543,STX1A
3476,RBPJL
4450,FZR1
3598,ALAS1
4929,TUBB2A
4928,SULT2A1
3618,CHRM4
4433,ENO1
4021,ALAS2
4923,CCBL2
4020,KLRC3
4916,POLR1A
3613,ATP6V0A4
3951,CEBPB
4438,BCR
4912,CCR3
4844,SCTR
3610,PDE4B
3608,CXCL16
4501,ENTPD5
4443,HCK
3601,APBB1IP
4907,GALK1
4500,DIAPH1
4902,MADCAM1
4493,GDF7
3922,LPAR5
3474,CTF1
4538,HPRT1
4113,SELPLG
5060,NF1
4344,PDE2A
4749,PIM1
4750,POLR3E
4111,ID3
5056,ACP1
5055,HPSE
3887,POLR1C
4347,HEPH
4348,CD36
4751,ESPL1
5053,CHKA
3404,KAT2B
3888,PRPS1
3693,JUND
5050,GCG
3410,SNAI2
4356,NTPCR
3411,ENTPD6
4360,C4BPA
3695,KCNJ2
3689,PTGS1
3398,CXCR3
4337,PCYT1A
3720,BUB3
3871,KIR2DS1
4319,HTR1A
3375,AKR1C1
4742,IL24
5079,TUBA1B
4131,MAGI1
4130,CCBL1
4746,CTSS
4747,CD74
3707,BAAT
4127,CYP2J2
4332,GPAM
3702,IL11RA
3701,CFH
3885,FTCD
3698,POLR2G
4122,SORD
5068,BUB1B
4748,POLR3F
4579,XBP1
4115,C5AR1
3721,MDM4
5038,TCEB2
3420,GFPT2
3671,POLR3A
3447,OPRM1
5009,C3AR1
4381,INPP5J
5005,FCGR2C
3451,SUCLG2
3664,ENTPD1
4545,LPCAT1
3453,NME1-NME2
5003,LOC102724560
4544,IRAK3
4387,NFYC
4542,HOXD10
4065,NPR2
4993,RRM1
4992,HTR1D
4388,TUBA3E
3654,GSN
4793,AP2M1
4987,IDO1
4986,PRPS2
4378,SLC8A3
4569,DNMT3A
5015,INPP5A
4779,MS4A2
4567,POLR2D
4565,POLR3H
5033,RPE
4561,SCIN
4558,BDH2
3427,PIK3AP1
3904,POMC
4770,PPP1R1A
3681,XCR1
5025,GP9
3678,PMM1
3432,TRAF4
4772,PDE1B
4773,PVRL2
4774,GATM
4083,NODAL
5022,NME1
4365,AGPAT9
4367,EPAS1
4079,PRKAR2A
4368,PKN3
4780,GRM3
4240,LIPE
5218,CSNK1A1
3274,ARNTL
2338,F2
903,PTGER3
911,MLST8
2324,HOMER3
912,POLR3C
919,RORC
2321,NKX3-1
2318,PVRL3
2315,CTSD
924,NFYB
929,CYP19A1
934,KCNMB1
936,UPP2
938,CCNG1
2306,TWISTNB
2341,IMPA1
899,GP1BA
2343,E2F5
894,PTPN1
829,EEF2
2406,BPGM
2405,CFB
2399,ENTPD4
2377,POLR1B
853,TUBA1C
2369,POLR2J3
941,MAP3K4
2368,CCL1
882,TSHB
2361,TBXA2R
2360,EPT1
887,CCR2
2357,CCL27
2356,GMPPA
2349,UMPS
880,CCKBR
824,RGS2
2303,ATG12
2294,TNFSF13
2212,GRK7
2210,NKD1
2206,TLR1
999,GALE
2204,FUT2
2203,GRK5
2202,OCRL
1010,PPAT
1013,CDKN2D
1019,SYNJ2
2174,PTGER2
2173,ACO1
1036,GABARAP
2172,DGAT2
1046,ATP6V0D1
998,ALDH5A1
986,MCL1
984,ELMO2
983,KAT2A
2278,FUT1
958,CYP3A7
2274,GPX7
2273,IL22RA2
2268,RFXANK
2265,VHL
2262,AP2B1
944,GATA4
962,ATP6V0D2
966,CXCL5
2250,GPX6
973,LILRB3
2243,NME6
2242,PI4K2B
2241,LOC101060521
980,FUK
2255,CYP2D6
2166,SMAD9
816,HMGCR
2417,SGK3
569,DAPK1
570,BMP6
572,TPR
578,PFKFB4
2623,IFNE
601,ITGAX
610,TUBB4A
2613,ZNRD1
2607,TXNRD1
629,ARAP3
633,FPGT
2596,HRH1
2592,BMP5
2591,MRVI1
642,NCAM1
2638,LPAR2
2646,CYP2C18
563,TUBA3C
562,CRLF2
512,CCDC6
2707,ERN1
515,ARHGDIB
518,PI4KB
2698,NTF4
2696,RPS6KA4
521,SELP
649,BAIAP2
2692,MPI
2680,SMOX
531,SI
2666,GPR119
548,RORA
2665,GPX2
549,HSPG2
561,FH
524,IDO2
814,RNASEL
657,PIK3C2G
2566,CCL16
2469,MYH11
755,IL5RA
2465,UCK1
756,PKN2
2459,CYP2S1
2458,CCL11
2449,PDE4A
2447,GAL3ST1
758,MPST
764,CYLD
765,PDCD1
781,MOGAT3
2432,S1PR1
1593,LPIN3
807,CFD
2471,AVPR1B
2480,DOCK2
2483,SIPA1
2487,POLR3K
2553,CLTB
674,CCL7
681,CTSG
2544,HPSE2
687,HSD17B2
2539,IMPDH1
689,MYB
658,POLR2F
2529,PAPSS2
693,TUBA3D
695,PGAM4
716,CCR7
718,AREG
2507,TNFRSF17
2492,AVPR1A
731,SH2D1A
2526,MAGI3
1048,GABARAPL2
2161,BMP8B
1051,PGAM1
1781,DHDH
1395,HTR1B
1773,ATIC
1771,ATP6V0A1
1400,SIRT1
1404,MIOX
1765,KSR1
1420,KCNU1
1422,MPP5
1759,ZAK
1755,SOCS7
1749,ICOSLG
1439,DCK
1440,TYROBP
1740,CBS
1394,DUSP9
1393,MAPKAPK3
1391,PIK3C2B
1792,PRKAR2B
1865,PTAFR
1863,HOMER2
1315,ACVR1C
1848,POLR3GL
1319,SYNJ1
1321,CNGA4
1329,HSD17B12
1736,CLTCL1
1832,RAPGEF5
1827,HNF1A
1812,SOD1
1361,FGB
1367,CNR1
1378,MIR21
1799,RFXAP
1383,TUBB1
1334,LPAR3
1303,IFNL2
1450,ADSL
1730,TNFRSF11B
1672,SERPING1
1668,CSNK1A1L
1536,POLA1
1540,KCNJ1
1648,LY96
1548,RCAN1
1635,CAPN1
1624,AGPAT4
1620,AMT
1615,CXCL6
1613,CCL17
1611,ATP6V0C
1560,NANOG
1603,MAD1L1
1585,PDE6A
1525,FRS2
1522,MARCKS
1514,RGS9
1501,AGPAT5
1720,MAPT
1455,EEF2K
1715,ACO2
1713,LPAR4
1456,ALDH4A1
1457,TYR
1709,ENO3
1731,NFYA
1707,TBXAS1
1466,ELK4
1698,GGT7
1473,TUBB6
1478,GFPT1
1492,ADSSL1
1687,CYP7B1
1686,PPARD
1464,CHPT1
1872,GMPS
1886,BAMBI
1283,TMEM173
2094,IMPDH2
2090,PDE4D
1136,TUBB3
2074,BDH1
2073,ADSS
1142,TFG
2062,MBL2
1146,L1CAM
1151,FARP2
2049,ATP6V0B
1152,MYL4
2042,TST
2037,SEPSECS
2024,PKN1
2017,NME3
1127,CFI
1121,CCL8
2104,DCN
1108,ADAM17
1070,TCEB1
2145,GPX5
2143,POLR1E
2142,TSLP
2138,KIR2DL4
2134,LPIN2
2131,ARHGDIG
1160,DNMT1
2129,HSD3B1
2119,APPL1
1093,INPP5E
2117,TFDP1
2116,SIN3A
1097,IFNL3
1099,HDAC4
2110,C8orf44-SGK3
1091,CCNG2
1164,POLR2E
1166,DHFRL1
1186,PSTK
1245,CDS2
1247,MPL
1249,ARHGEF6
1930,HNF4A
1254,CCL20
1921,NME2
1256,CEL
1244,SMAD7
1258,GP5
1265,NCOA4
1268,CX3CL1
1913,GUCA1B
1274,PGR
1897,TAS1R3
1276,SMAD5
1277,GPAT2
1918,DAXX
493,CYP27B1
1241,ICAM2
1945,PCYT1B
2008,PDCD4
1192,MYBPC3
1194,PLK3
1993,GMPPB
1988,GANC
1987,XCL1
1986,PAPSS1
1232,POLR3B
1984,GRK6
1200,MARS2
1205,CREM
1216,GIT1
1220,LCLAT1
1958,RASA2
1224,CBR3
1957,ASL
1198,NUDT2
491,DPM2
2429,SORBS1
487,PDE4C
328,TNFRSF14
327,KIR2DS4
2923,ENO2
315,HSD3B2
308,DAPK3
299,TIMP3
298,GRK1
2934,B4GALT3
2939,PDE6B
2943,TYMS
279,GAMT
277,SIAH1
2949,CCR8
2950,ULK1
276,LLGL1
2957,ATP6V1H
260,POLR2C
2960,SUCLA2
2962,LRRC4C
2963,EPHX1
2969,TUBB
248,IL20
246,E2F4
2979,STK36
240,ARHGAP5
236,PMM2
2987,LOC101930123
334,RUNX1
2910,IDH1
344,IFNL1
2905,PI4KA
426,AKT1S1
2806,ASS1
2809,RIPK3
409,ODC1
2828,DUSP1
399,DAPK2
2831,HOGA1
396,CDK5R1
395,CKS1B
2835,CLOCK
2837,SUFU
394,HDAC3
388,KIR2DS3
2989,LRP2
2851,TK1
2861,RBL1
370,DNMT3B
2867,GART
369,TAB3
366,FOSL1
2878,CANT1
2882,CCL15
2891,RAB3A
359,GPX8
354,CCL14
353,SOX2
347,PIAS1
2901,IL20RA
377,C4BPB
2788,GUCA1C
2991,GDF6
220,STIM1
3119,POLR2J
124,NTF3
120,RASGRF2
3139,PRMT1
110,CCL2
3150,HSD17B1
104,INSRR
3155,RAB5C
3162,PER1
88,OAS3
84,GAA
82,POLR2L
3184,TUBB4B
76,PGAM2
3190,MINPP1
3193,CCL24
3197,LPCAT4
3206,CASP12
64,MASP1
45,MYL6
41,NME7
3214,FLT3LG
30,MBOAT2
25,PRPS1L1
3222,TSTA3
3247,CCL26
3254,ABCC8
3118,CEPT1
3117,KCNMB4
3114,HOMER1
132,DDIT3
212,HSD17B6
206,TEC
3017,MYL6B
200,NR4A1
197,CS
3028,SLC6A3
178,GLP1R
177,TYMP
3043,IL9R
166,SPRY2
3046,SOCS5
3047,PGD
3051,RFX5
225,PIK3C2A
158,MAFA
3070,ENTPD3
150,INPP4A
145,DLST
3077,UPP1
3078,MIR10A
143,CCR4
3086,HTR1E
3089,CCL23
3096,DNM2
136,NTNG1
133,AP2A2
3106,POLR3G
3112,CX3CR1
156,IL18RAP
428,AKR1D1
1592,DDX3X
451,POLR1D
442,TUBB8
456,TAS1R2
2767,RET
2722,STMN1
458,BBC3
473,AMD1
2765,TUBAL3
431,TXNRD3
2770,CCR6
438,COMT
2772,PVRL1
449,SPDYC
472,MARS
2756,IDH2
2744,FGA
2764,ZBTB17
441,ARHGDIA
471,NCOR1
2739,KLRC2
2774,MIF
4477,DGKH
165,HLA-DPA1
465,WASF3
3049,PLG
2639,HTR7
544,CDIPT
4434,PFKFB3
1892,PARD6A
5141,CBR1
1989,MKNK2
4492,NOX1
171,KIR2DL1
1195,NOTCH2
4429,CPS1
5115,CPT1C
172,RHOG
2004,PSEN1
1888,SHMT2
566,HLA-DPB1
5117,OSM
4873,NT5C3A
1221,XDH
3638,GLYCTK
3365,PARD6G
470,CHRNA7
2746,IL15RA
5134,HTR6
1253,NT5C
5143,ST8SIA1
4441,BMP7
4452,ACSL6
1928,CYP4A11
560,SMAD1
4935,PTTG1
3635,SPI1
4938,IL22
1236,COL6A6
3067,IL15
4465,CD4
1903,SLC25A6
4496,HLA-DRB1
5129,CD8A
1956,CXCL11
155,PHKA1
1219,PRKCH
1944,POLE2
184,TNFSF14
4508,NLRC4
2087,NPY
3996,ACSL5
1132,DMD
1128,HMOX1
3993,B4GALT2
2626,CSH1
5089,EDNRB
223,ACAA2
1119,PDYN
2100,NLRP3
581,ACADS
4551,AKR1C2
2079,CHRM5
1113,CDK5
3983,POLD3
1102,CACNA1E
1101,NT5C2
4557,OGDHL
234,IL13
2994,PIKFYVE
2115,ST3GAL2
4860,NT5M
3422,HLA-DOB
4562,MAP3K2
586,AKR1A1
2118,HLA-DMA
5086,SLC25A31
4042,KIR3DL1
4001,ACOX3
3007,HLA-DQB1
1169,COL6A2
190,DGKG
4035,IL12RB1
4034,CYP7A1
2019,AADAT
1159,NOTCH4
455,PDE1C
1156,THBS2
2033,RRM2B
2034,PTPRC
2763,HPD
4022,LDHAL6A
3003,OXTR
2628,RRM2
2627,OXCT1
4524,KLRD1
2059,CD19
3407,CSF2RB
4012,FSHB
3010,ATR
4010,POLE3
2066,DDIT4
4532,PCCB
1137,POLD4
4006,INHBA
3652,RPTOR
202,NT5C1B-RDH14
3107,CARNS1
690,ADRB3
1884,IBSP
3204,STAT6
3201,PHKA2
1460,HLA-DMB
4223,CSF2RA
3200,GNA14
4339,GCDH
3198,ST3GAL1
514,DGAT1
2705,HMGCL
4906,MCEE
5183,CSF2
4214,RELN
3603,TH
5182,ACVR2A
1726,CCNB3
5180,HLA-DRB5
481,ITPKB
4904,DGKD
4205,INHBC
1447,ETS2
2701,LDHAL6B
5173,CACNA1I
1745,CXCL10
1437,CCL3L1
4198,HLA-F
85,PYGL
1453,SGK1
1468,EGLN2
4230,HCLS1
3304,POLD2
1587,AKR1C3
1596,MTR
2,PHKG2
3,DGKE
1607,CD3G
1609,CD44
1610,ID2
484,THBS4
7,HIBCH
8,SLC2A2
1631,EPOR
4294,VAMP2
1550,KCNQ1
11,HMGCLL1
1541,HLA-DOA
1649,CNGA1
22,PHKG1
1531,FDPS
3597,ACSBG1
1518,CCL25
2719,AOC3
2709,FASN
3588,VDAC2
3209,PYGB
1498,HLA-DQA2
1497,GLUL
2706,DGKQ
4358,CXCL9
4426,PFKFB2
1752,C5
1434,CD247
4148,GLA
1835,CHAD
2687,PDX1
1839,ACVR2B
4406,PFKM
1322,SHMT1
4141,PTPRF
4138,ILK
1317,PFKFB1
1851,HSD17B7
2677,DLAT
4413,PNP
3122,GGT5
3624,BST1
1307,ADCYAP1R1
3355,ADCY10
3109,VDAC1
1874,ADIPOR1
1875,EGLN3
1301,MAGI2
1878,MALT1
1300,CARD11
1882,NCF2
1296,SFN
4118,ACSS2
2121,COL6A3
2676,GNA15
1332,PIP4K2A
5151,CCKAR
3123,ITPA
480,CD8B
3329,SREBF1
1768,CD3D
1402,RAB5A
476,GADL1
3614,GRHPR
3153,CCL3L3
1779,EIF4B
4178,LCK
4177,PDE1A
4176,CCR10
5162,ADRBK1
3149,VDR
2732,ANAPC13
4379,INHBE
112,RALBP1
1381,PIP4K2C
5157,TCF3
2689,SLC25A5
1353,CCR5
4395,POLD1
2736,CYBA
1351,KL
1819,CCL21
1344,KIR3DL2
1826,DGKZ
1335,COL6A1
86,LHB
4116,CTLA4
218,CCL3
2331,DGKB
5019,CSH2
2778,NT5C3B
3856,ALDH6A1
2452,ALDOC
652,CAPN2
2451,DLG1
4960,ATP6AP1
2308,FSHR
2309,MEF2C
4664,LIMK1
654,GAPDH
2577,LIF
3846,F2RL3
2319,LIMK2
4816,CTNND1
3486,PIK3C3
2445,GNAT3
2897,DGKA
2443,OGDH
2894,CPT1A
3553,ABL2
2327,KIR2DL5A
3861,HLA-DQA1
4797,MAD2L2
5031,GGT1
741,ELMO1
4761,CSF3
4651,MYH14
2472,B4GALT1
2407,GSK3A
3876,SMO
2276,HLA-DRB4
2814,IRF1
335,PTCH2
4954,HLA-DRB3
754,NCF4
3870,CDC20
2290,PARD6B
948,MUT
2915,COMP
2780,NOX3
4662,POLE
682,SRF
4756,TP73
956,CYP17A1
1089,ITPKC
905,PTTG2
663,SHH
2372,CACNA1H
2420,IL12RB2
2846,MAPKAPK2
857,CAT
3506,CNDP2
2864,ACVR1
4711,PYGM
2384,AOC1
2393,OXCT2
3808,TRIM25
849,ARNT
2401,CXCL3
2550,ACSL3
2852,KIR2DL2
2412,IL6ST
4722,BLNK
836,DCC
3700,AGPAT2
3790,RASA1
372,ORAI1
3699,CCNA2
876,LDHB
2865,PIP4K2B
3504,ADORA1
768,NT5E
2438,TNFAIP3
2843,IQGAP1
895,PER2
784,THBS3
2886,IMPAD1
2883,INPP5K
4692,CEBPA
2352,CHEK1
2354,ITPKA
670,TLR6
3775,FCGR3B
2563,CCL13
797,ACAA1
2358,HADHB
2845,ITK
3499,CCL28
2875,HTR4
886,BCL10
4813,RASGRF1
4739,PDE3A
3882,HSPB1
2266,ADIPOR2
3749,AGXT
313,MYH9
708,IL5
2514,PKMYT1
617,GALT
2793,DRD5
490,ACVR1B
423,RARB
4606,BUB1
3931,ACOX1
1023,ALDOB
706,CHEK2
2194,PIAS2
273,MKNK1
4842,NTRK2
2508,ERBB4
3680,KIR2DL3
2196,CTH
4621,PCCA
4839,IL1RAP
4623,LPAR1
3919,KCNMA1
269,IL21
3734,MAX
2171,ACSL4
3540,CYBB
3965,CAV1
2983,SLC25A4
3659,GDF5
1088,TLR7
1072,COL6A5
2622,MSN
4966,AOC2
244,NOTCH3
2144,CTTN
4949,CCL19
3955,TNFSF13B
4580,ACSBG2
2525,MECOM
2150,CNDP1
1071,CDC25A
3663,DGKI
2159,MYH10
3715,NOD2
4849,AKR1C4
5067,IL21R
3954,PHKB
4838,PCNA
417,ACSL1
445,LDHC
2239,IRAK2
2598,IL7
2945,INHBB
2488,CPT1B
305,EGLN1
2248,KLRC1
3894,TSHR
2926,CCR9
3892,PAX8
4643,HSD11B1
3535,STAT4
4794,OSMR
641,AGPAT1
964,ACSS1
2538,GUCY2D
3465,F2RL1
2258,MLYCD
413,POLE4
3745,ICOS
725,IL23R
634,AR
2551,HLA-DRA
2209,RDX
5052,LIFR
4974,RBL2
2211,NT5C1A
4628,CXCR1
4775,CXCR2
989,NT5C1B
391,ARHGAP35
379,MYL7
90,CDC23
1405,PLCD1
672,CACNA1G
722,CCNB1
1,PPP2R3B
760,GLI1
1586,CACNG1
497,CIITA
4778,RASGRP1
720,GSTT1
1485,CACNA2D3
671,FCGR2B
47,MAP3K8
94,GSTA1
4901,PLCD3
500,HMGCS2
4964,SP1
4291,PLK1
1438,BCL2L11
4304,GLB1
6,MGST2
788,CACNB1
70,TPM2
505,GSTO1
5,HHIP
80,HSPA6
787,AXIN2
5203,MGST1
405,C1S
700,ACTN3
380,GSTA5
730,HSPA2
1463,CYP2C19
1533,AXIN1
1562,CACNG8
40,NLK
17,COL1A1
4857,FCGR1A
4373,PPP2R3C
448,COL2A1
4630,PFKL
4632,BIRC5
193,PDHA2
288,ANAPC7
292,PLCD4
1175,GSTM5
1184,GAD1
974,IL7R
300,CFL2
5043,TNXB
4872,FLNA
4490,AKR1B10
309,BIRC8
1207,IL23A
1208,CDC27
564,PPARG
4472,FCGR3A
4650,EFNA4
1158,CGA
4834,GLI3
1153,C4A
5101,CACNG4
5080,PFN3
4559,PDHA1
592,MYL10
250,ANAPC4
1052,EFNA5
5069,BDKRB1
4599,LTA
4600,DPYS
4791,ANGPT2
153,VWF
611,UPB1
4540,CCL4L2
5062,COL5A1
4535,ANAPC1
1033,CXCL1
1025,IL1R2
4527,FLNB
1145,DPYD
201,FBP1
1006,CTBP2
265,SPHK2
5167,ATP2B2
320,EIF2AK2
4464,BIRC7
1313,TNC
891,ACADM
528,SPP1
129,COL5A3
888,RALA
665,JAM2
1324,HSPA1L
668,ACTN2
4699,ARHGEF1
1348,GSTK1
871,SERPINE1
1352,ATP2B3
4391,YWHAG
119,EPO
4713,VDAC3
850,CYP2B6
5161,ADORA2B
4900,ADIPOQ
845,BMPR1B
1309,CCL4L1
896,PDHB
360,MYL3
5006,HSPA8
4655,HSPA1A
468,ARRB1
559,COL1A2
330,GSTA3
943,CAMKK1
140,CYP3A5
645,GABBR1
5137,MYLPF
1269,JAM3
1229,CUL1
339,HEXA
4674,SLC2A4
135,HLA-B
931,AKR1B1
1284,F11R
1289,UGP2
1292,GSTA4
357,GABBR2
901,EIF4E2
5007,PFKP
1270,EIF2AK4
1034,IL3RA
0,PFN2
2348,GAD2
1784,ANGPT4
3001,HLA-C
2603,EFNA1
1795,COL3A1
1800,PPARGC1A
2594,SPHK1
3683,CACNB3
3797,AGTR1
3210,GSTM4
3685,TNFRSF1B
3921,RALB
3208,YWHAB
3087,ANAPC5
2928,TLR5
2557,HSP90B1
3672,SOCS4
2999,ATP2B4
3669,BMPR1A
3927,DDC
1751,ACTN1
1905,GSTT2
3937,CR1
2652,CFL1
1981,RASGRP3
4191,MAP3K3
4190,CDC25B
2214,GRIA4
1931,YWHAZ
4062,HEXB
2629,UGDH
3649,DLG4
2625,EIF4E1B
2305,C2
2624,YWHAH
2191,MOS
2180,TICAM2
3697,HTR2C
3703,GSTP1
3084,PFN1
1860,CXCL2
3764,EIF2AK1
4071,SKP2
3034,MAP2K5
3768,GSTM1
1594,CDC26
2436,CACNA2D1
2462,FLNC
3900,CACNG2
3780,TNNI3
2245,HLA-G
2252,COL11A1
3784,CYP1B1
3371,EFNA2
4109,CACNG6
3040,NCK2
3037,IL2RA
1911,VCAM1
3901,LDHA
2238,MGST3
3705,HLA-E
2547,GSTT2B
4015,PLAU
2279,GLI2
2269,RYR3
1831,GSTM2
4146,SOCS2
4069,IL3
3405,CSNK1D
3726,TNN
2512,EPHA2
2502,ZAP70
2500,TPM4
3022,MDH2
1849,ADRBK2
2232,NOTCH1
3016,CDC25C
1891,CACNG3
3792,FBP2
3626,PPIF
1637,NCK1
2856,CNGB1
4037,CSF3R
2092,ANAPC2
2944,COL5A2
2098,EDNRA
3261,LHCGR
3842,CDC16
2838,CRTC2
2105,TNNT2
1675,NPR1
3854,CTBP1
3530,GHR
1676,SKP1
3977,ACTC1
2863,ALDOA
2342,NOD1
1636,GPI
2874,COL24A1
4011,COL11A2
2930,EIF4E
3463,CCNA1
3464,CACNA2D4
3152,CASP7
3466,HTR2A
3264,ANAPC10
2790,MYL5
3458,GSTO2
3471,SRM
2916,SMS
2076,EFNA3
3158,HTR2B
2022,CACNB4
3830,COL27A1
4257,FCGR2A
2041,ERBB3
2112,PPARA
3059,TNR
2776,IL4R
2717,CAMKK2
1708,RIPK2
4045,GADD45A
2712,ACTN4
3606,HMGCS1
3607,AMH
4215,FOSB
3293,YWHAQ
2003,GSTA2
3221,GADD45G
3616,PFN4
3619,HSPA1B
2975,MAD2L1
2978,CACNA2D2
3220,PPP2R3A
1744,ID1
2695,C4B
2160,RYR1
3592,TLN2
1702,CFLAR
2775,CD3E
3858,GH2
2122,GSTM3
3558,DOCK1
3044,VTN
3572,TNFRSF13C
2133,ANAPC11
1706,C1R
2735,TLN1
3587,CACNG5
1694,CCL4
3225,CACNB2
2153,INPP5D
3434,HLA-A
3947,NGFR
1699,GH1
3227,CACNG7
3066,COL4A5
1655,HBEGF
4636,IL10RA
1134,ITGA1
4539,TNNC1
3148,CSF1
3980,HSP90AA1
3972,CSNK2A1
3135,RPS6
971,ESR1
1084,ATP2A2
1050,LTBR
2163,GUSB
138,COL4A4
2197,RAPGEF1
3914,MDH1
2228,PPP1R1B
4596,TEK
2179,PPP1R12C
2545,TNFSF11
3821,DLD
4881,PPP2R5D
553,MMP2
2984,TRAF1
4888,CTNNA1
541,COL4A2
519,CCNB2
2714,PRL
488,ABAT
3590,PTCH1
258,PPP1R12B
2757,TSC1
4953,IL2RB
439,PPP2R5E
2777,ADRB2
5081,VASP
430,CYP2C8
2815,IL2
3444,NOS1
2844,CYP1A1
386,CTNNA2
383,IFIH1
2854,CSNK2A2
284,NFKBIE
2889,COL4A1
3455,GLS2
3483,ETS1
2912,RELB
325,NCF1
5034,TJP1
303,PIP5K1B
421,EIF2S1
3643,CFTR
3646,FLT4
233,PRLR
3816,CHRM2
4701,COL4A6
879,TIRAP
160,GLS
862,ADRA1B
2383,SLC8A1
167,CSNK2B
3041,FCER1G
838,PLCZ1
4720,STK4
3391,HSP90AB1
3785,VCL
2415,GYS1
4735,MYL12A
3396,C1QB
5106,BTK
748,DAG1
591,TNFRSF10C
615,SLC9A1
2998,GLUD2
2587,CASP10
3687,EZR
2571,ENPP3
890,ADRA1D
2569,TPM1
219,MYL12B
2540,IL4
3711,RASSF5
4768,IL10RB
3033,IL6R
737,RAPGEF4
4810,PGF
2052,PLB1
3071,PKM
1807,LOC400927-CSNK1E
4056,BMPR2
4369,ITGA7
1187,RASGRP2
4354,ITGA8
4416,PPP2R5C
4398,GLUD1
4075,TLR3
4077,CTNNA3
1176,PRKCI
1890,BDNF
1291,TNFRSF11A
1179,INPPL1
4,TNFRSF10A
2001,CD38
4163,ITGA11
4224,CCL5
65,CHRM1
1868,ITGA10
4432,ENPP1
1712,ANGPT1
1879,COL4A3
1935,PPP2R5A
1938,PPP2R5B
1978,TNFRSF10D
4297,GYS2
3186,GRIA3
1604,TAT
1210,CXCR4
3157,YWHAE
1295,CSNK1E
2020,C1QA
4117,C1QC
4093,GRIN3A
4162,PIP5K1A
1690,CDH1
1689,GADD45B
4272,STK11
1566,GRIN3B
3594,HADH
2281,RXRB
1969,MYH7
217,ITGB4
2506,FXYD2
2586,IL2RG
5217,PPAP2A
2215,MAP3K5
4639,PIP5K1C
1967,NFATC4
2751,LEPR
1692,MAOA
489,MYH6
1942,GRIA1
16,LAMB1
2222,BTRC
3665,CYP2E1
58,RBX1
2745,LAMC3
2738,LAMA4
1372,RPS6KA6
4852,PYCARD
2302,SLC2A1
4673,BCAR1
1239,ARHGEF12
3818,PLA2G16
1748,FGF23
2663,CDKN2B
550,RALGDS
552,FGF12
3318,MLLT4
555,GOT2
4139,GAB1
872,FGF14
2656,GNAL
861,ATP1A1
3053,IL18
3413,LEP
2634,ADORA2A
4105,RAPGEF3
3798,FGF17
235,TRAF5
1926,PPAP2B
3823,PPAP2C
4201,RXRG
4341,GNA12
4668,LCP2
4671,LAMB4
4322,ITGA9
3851,FGF7
2311,FGF6
3849,EIF2AK3
2322,GRM5
914,FGFR4
2409,ITGB8
157,FGF20
2326,ATP2B1
3656,FGF3
3655,ATM
3834,ARPC5L
1934,LAMC2
3627,ACACA
1711,RHEB
1005,KITLG
2431,MAP3K1
3437,MAPK7
757,CYP2A6
3276,ATP1A2
4560,ATP1A3
4503,PLN
2849,ARPC2
3971,RPS6KA3
3516,IRS4
1546,FOXO1
3002,ADRA1A
3127,MAOB
4571,PARD3
4128,CDK1
5155,PGM2
4044,CXCL12
4625,ATP1B2
121,FGF10
2011,RPS6KA2
1174,NFKB2
368,FGF9
1115,FGF11
306,ATP1B4
3468,PGM1
4153,FGF21
106,RPS6KA1
1828,NTRK1
680,PTK2B
72,LAMA1
5021,HDAC2
4036,ARRB2
2077,ARPC1A
637,ARPC5
3991,FGF5
2895,PDE3B
3336,ARPC4
2893,GOT1
4255,LAMB2
2015,TIAM1
5210,AOX1
3953,ATP1A4
275,FBXW11
1011,FGF19
3722,GNA13
3552,FGF18
2169,VEGFC
3098,ATP1B3
3940,RASSF1
3765,ARPC3
1990,LAMA5
3091,CYP2C9
4134,LAMB3
3551,FGF16
1018,MMP9
5140,CASP1
1818,IRF9
618,FGF4
3090,JAK3
437,CSF1R
1970,ITGB6
1505,FGF22
4161,KIT
1517,ATP1B1
1068,FGF8
614,TPM3
4585,FIGF
4102,VEGFB
4975,FGF13
5108,LAMA3
1057,TNFSF10
415,ARPC1B
2803,GAB2
2795,TNFRSF10B
5148,XIAP
3219,PLA2G10
744,PLA2G2E
565,NGF
3039,LAMC1
3215,ITGB5
635,TLR9
3741,ADH5
5111,BMP2
3755,PRKCQ
5084,LAT
830,KDR
621,PLA2G12B
4855,SOCS1
28,EIF4EBP1
1794,RIPK1
4383,PLA2G1B
724,PLA2G2D
301,ACACB
851,ADH7
4321,PLA2G12A
139,PLA2G5
1810,WASF1
4060,FGF1
4589,PLA2G2A
4973,APC
1516,PLA2G2F
4980,KCNJ5
2832,MAVS
3565,ADH1A
4576,MRAS
210,FOXO3
3978,APC2
371,RRAS2
2109,PRKG2
4040,C3
675,CHRM3
3717,GRIA2
1557,PAK3
678,TGFA
390,ADH1C
1896,PAK7
1007,PLA2G3
3018,FLT1
3637,PLA2G2C
3804,IL1A
1922,KCNJ9
1809,PTPN6
2337,HIF1A
69,WASF2
4350,ADRB1
4082,DRD2
2702,CYP3A4
1212,FN1
4343,RPS6KA5
1234,PKLR
4919,EHHADH
4654,PXN
2270,PAK6
3591,ADH1B
667,BMP4
3207,IL4I1
4469,TSC2
3288,ADH6
4460,ITGA3
1228,ADH4
4802,HDAC1
2972,RYR2
3212,IL1R1
3469,PPP1R12A
1563,FZD10
4288,MYLK3
331,TRAF3
343,PPP2R2B
2937,DVL3
3485,PRKAG2
3262,GRIN2C
4244,IRF7
2958,LYN
1688,PLCE1
4317,MYLK
4946,RRAS
2753,STAT2
469,GCK
475,DVL2
3584,HADHA
2728,PPP2R2A
4338,FGFR2
1449,PAK2
1741,MYL2
24,PRKG1
4355,ALDH3B2
1428,TYK2
2649,IKBKE
1401,PRKAB1
2620,FZD2
4848,ITGB7
5198,GRIN2D
221,DVL1
1824,F2R
1838,ECHS1
4506,HK3
5175,PRKAG3
4546,IL12A
2060,PRKAB2
2014,THBS1
4575,MYL9
1965,FZD4
3994,FZD8
4423,ITGA6
1255,HKDC1
2433,BIRC3
790,FZD5
2218,PDGFD
2365,IRS2
2430,FZD6
3967,MYLK4
994,FZD9
4484,STAT5A
1016,CBL
5112,FZD1
4095,FZD7
3918,PRKAG1
825,ITGA5
3187,ALDH3A1
2477,TICAM1
2479,BDKRB2
2446,ABL1
4019,CBLC
3349,HK2
3008,ITGA4
1846,FGF2
2510,GRM1
2304,PPP2R2D
2257,PPP2R2C
2251,PAK4
3986,HK1
954,ALDH3B1
734,ALDH1A3
2000,CYP1A2
3739,MYLK2
1526,BID
373,IL12B
843,PTGS2
4719,ITGA2
4798,PRKCE
2759,WASL
3480,PDGFC
4868,WNT9B
4568,CACNA1B
3492,GRIN2B
3599,RXRA
2370,FGFR3
4677,WNT10B
4231,CCNE1
3061,ITGAV
4330,ITGA2B
4566,GUCY1A3
546,STAT5B
3083,WNT6
1961,WNT8A
2769,WNT7A
3611,GUCY1A2
1226,PLD2
1120,G6PC3
837,WNT7B
4523,WNT16
4435,GRIN1
4864,BIRC2
3189,WNT11
2605,FZD3
1569,GUCY1B3
1573,KCNJ3
5090,CBLB
1574,WAS
3344,G6PC2
3353,GRIN2A
4776,PTPN11
2558,CXCL8
2056,NFATC3
5040,KCNJ6
1817,PLA2G6
4279,DRD1
3719,TRADD
3346,CAMK4
4485,WNT10A
620,PRKCZ
1138,WNT5A
4243,WNT1
4184,WNT2B
4002,WNT2
2293,CCND3
4727,WNT8B
2959,WNT9A
2195,G6PC
4533,CCNE2
1087,WNT5B
4289,TAB1
4610,DDX58
1061,UGT1A7
2275,TBK1
3562,UGT1A3
4619,UGT2B4
262,APAF1
3563,IFNA16
1488,NOS2
2152,ALDH1B1
2748,PCK1
283,IFNA13
453,SYK
4499,RPS6KB2
2773,MAP3K14
1670,CACNA1S
3249,VAV3
2785,VAV1
5061,IFNA8
2187,TAB2
2952,UGT1A5
2752,PRKAA2
2351,CACNA1F
492,IL10
3981,ALDH9A1
1766,PCK2
1770,IFNA5
579,UGT2B11
3457,UGT2A2
4110,FADD
607,IFNA6
231,WNT3
4114,UGT1A8
4738,ACAT1
1776,IFNA17
345,CD86
1597,UGT2B17
627,NOS3
1310,IFNA10
1375,WNT4
4520,UGT2A3
2576,PRKCD
3461,ITGAL
3737,IFNA1
3724,ITGAM
694,UGT1A4
3716,UGT2B28
688,LAMA2
1883,ALDH3A2
1760,UGT2B7
5181,ICAM1
1133,UGT2B15
1106,IFNA7
495,UGT1A1
3866,IFNA4
2107,NFATC2
3604,UGT1A6
3060,SOCS3
5004,UGT2A1
3182,CD80
1722,BCL2L1
910,IFNA2
5123,WNT3A
4259,IFNA21
1122,ALDH2
530,IFNA14
2982,IRF3
1927,RPS6KB1
4978,HGF
2362,ACAT2
3812,UGT1A9
4193,CD14
1432,UGT2B10
4038,UGT1A10
2992,GNA11
4444,PRKAA1
1066,IFNAR2
3331,SHC3
2887,CDKN2A
3456,ITGB3
3478,RAP1B
4531,LEF1
4229,TCF7
2804,FGFR1
1917,PPP2CB
568,PPP2R1B
1398,MAP2K3
2621,PPP2CA
951,IFNAR1
1392,MAP2K4
2742,MAP2K7
1933,TCF7L2
4480,IRAK1
3673,PPP2R1A
5075,RAP1A
1053,TCF7L1
192,BAX
1491,PLD1
1191,CACNA1A
2470,IRAK4
4404,CD28
2954,GNG4
1259,CDK6
3412,MAP2K6
835,CD40LG
646,GNG8
600,SHC1
1286,PTK2
1858,GNG7
3467,GNG5
3154,ERBB2
4811,GNGT2
2047,CCND2
3382,VAV2
3857,GNB5
459,GNG11
1242,SHC2
3925,ALDH7A1
444,INSR
3075,CDK2
952,GNG2
251,IRS1
1096,ATF6B
3322,IFNB1
4910,GNB4
1197,GNG10
1508,IL6
4346,NFATC1
1553,GNB2
3502,SHC4
3021,FYN
1029,E2F2
2948,SMAD4
5042,TGFBR2
3174,ELK1
356,GNG13
3177,CD40
625,JAK2
4182,E2F3
805,MET
4008,CDKN1B
291,E2F1
507,SMAD2
1427,GNB3
2466,GNGT1
2532,GNG3
5047,PAK1
2996,TGFBR1
5072,RB1
4273,IL1B
4934,CACNA1D
691,PDGFA
723,MTOR
780,GNG12
4729,MDM2
828,TRAF2
526,VEGFA
2389,IFNGR1
494,CRKL
1387,LOC648044
4595,GNB1
1734,CDK4
1841,CRK
4476,IFNGR2
1141,SMAD3
3317,ITGB2
815,TLR2
5176,PDGFB
304,NFKBIB
146,BCL2
2914,CACNA1C
2909,ROCK2
5154,TGFB3
4285,PDGFRA
1458,MYD88
435,ITGB1
662,STAT3
3890,ROCK1
3670,GNAO1
4835,PDGFRB
1362,CASP8
73,JAK1
556,MAP3K7
1397,STAT1
1681,PTEN
2346,IFNG
2781,ATF2
2684,TNFRSF1A
322,CYCS
1877,TRAF6
854,TGFB1
2490,PPP1CB
939,CREB5
965,IGF1R
53,CREBBP
2404,PPP1CA
3629,PPP1CC
2716,EP300
2299,CREB3L4
4578,CREB3L2
4471,TGFB2
2810,CDKN1A
1920,CREB3L3
4526,JMJD7-PLA2G4B
1484,PLA2G4C
4592,CREB3
606,FAS
705,INS
323,PDPK1
1852,ACTG1
2548,RAC3
1357,CREB3L1
4563,ACTB
1154,PLA2G4D
4682,EGF
34,FASLG
5000,SRC
3962,TLR4
2422,PLA2G4E
2170,PLA2G4A
1894,PLA2G4F
3012,PLA2G4B
3633,MYC
348,ATF4
3252,CASP3
4550,PPP3R2
137,PPP3R1
4807,IGF1
4305,CTNNB1
4588,PPP3CA
2205,CASP9
1031,RAC2
1806,PPP3CB
647,FOS
1280,PPP3CC
3990,CAMK2D
3394,TP53
5147,CDC42
2911,CAMK2A
3709,CAMK2B
4670,CAMK2G
4324,ITPR2
3196,ARAF
376,PLCG1
4081,PLCG2
4140,BAD
4752,CREB1
3806,ITPR1
3171,TNF
4607,RHOA
2704,ITPR3
1482,IKBKG
1783,CCND1
4789,CALM1
5136,CALML5
991,CALML6
761,CALM2
809,CALML3
97,CALM3
2616,GNAI1
1743,GSK3B
4616,GNAI3
3265,EGFR
1374,GNAI2
3141,ADCY7
154,CHUK
4250,NFKBIA
4519,ADCY2
4990,ADCY4
1080,SOS2
3100,BRAF
2636,SOS1
1899,RAC1
4962,ADCY8
4242,GRB2
2335,JUN
3097,ADCY6
935,GNAQ
2029,ADCY3
102,ADCY9
268,ADCY1
4248,ADCY5
1211,MAPK11
2651,GNAS
2899,MAPK13
2974,MAPK14
2515,IKBKB
3524,MAPK12
3172,PLCB1
4173,PLCB4
2069,PLCB3
4765,PLCB2
2440,MAPK10
2841,MAPK9
2630,MAPK8
539,PRKCG
1474,RELA
2374,MAP2K2
4351,NRAS
4068,HRAS
1041,NFKB1
2176,PRKACG
31,PRKX
2403,PRKACB
3686,PRKACA
3773,KRAS
3674,PRKCA
4767,RAF1
4573,PRKCB
2955,MAP2K1
2518,AKT1
3527,AKT2
960,AKT3
4924,PIK3R1
2307,PIK3R3
3130,PIK3R5
454,PIK3CG
3545,PIK3R2
4582,PIK3CD
525,PIK3CB
392,PIK3CA
3668,MAPK3
1320,MAPK1
